#AIRPORTS,JFK;LAX;ORD;DFW;DEN;SFO;SEA;LAS;MCO;EWR;CLT;PHX;IAH;MIA;BOS;MSP;FLL;DTW;PHL;LGA;BWI;SLC;SAN;DCA;IAD
SFO,FLL,4,395
DCA,EWR,5,141
BWI,SFO,8,129
PHX,SAN,10,121
LGA,SLC,11,389
MSP,LGA,16,576
IAH,LGA,27,405
SAN,DEN,33,580
DCA,MSP,34,219
SEA,SFO,43,340
LAS,IAH,46,314
BWI,DEN,50,520
MIA,SFO,52,430
IAH,EWR,54,456
FLL,IAD,60,581
MSP,LAS,60,348
BWI,PHL,76,608
MSP,EWR,83,583
EWR,LGA,85,609
MSP,ORD,91,470
IAD,MIA,92,565
BWI,MCO,95,492
BWI,EWR,105,661
SAN,EWR,105,337
LAX,EWR,118,220
BOS,IAH,128,590
LAX,PHX,129,294
SFO,DCA,138,325
JFK,MSP,145,682
PHL,DCA,145,730
DCA,SEA,149,579
DFW,MIA,150,681
SFO,SAN,159,579
BOS,DEN,162,751
SFO,CLT,166,408
CLT,LAX,170,594
MCO,BWI,170,634
IAH,LAX,175,491
JFK,PHX,178,574
ORD,LAS,179,555
ORD,SAN,183,522
SLC,BOS,189,746
IAH,MIA,194,737
BWI,IAH,200,424
LAS,ORD,204,690
MSP,PHL,205,616
JFK,DTW,206,270
LAX,LAS,215,496
BWI,DCA,216,569
PHL,DCA,217,515
DEN,SLC,221,290
JFK,DEN,222,326
DFW,SAN,223,416
PHX,SLC,231,488
SLC,PHL,235,674
MIA,JFK,238,643
MIA,LAX,254,340
FLL,PHX,265,772
DFW,ORD,269,750
BWI,CLT,272,700
BWI,LGA,273,673
SLC,LAS,273,536
LAS,MIA,282,850
FLL,PHL,286,519
PHX,BOS,287,804
ORD,PHX,289,808
LAS,MCO,296,688
DTW,LAX,297,724
LGA,IAH,309,377
BOS,MCO,319,586
IAH,DCA,323,786
JFK,MCO,324,671
JFK,ORD,328,927
CLT,LGA,329,562
SAN,MIA,340,565
MCO,DFW,343,543
BWI,EWR,344,721
SFO,LAS,352,592
SLC,SFO,353,814
DEN,SLC,354,603
DTW,SFO,356,865
MSP,MIA,357,536
ORD,SEA,362,881
MCO,BWI,379,582
ORD,SFO,379,544
CLT,LGA,380,472
FLL,IAD,383,752
FLL,DEN,388,839
JFK,MCO,393,685
MSP,MIA,393,795
ORD,LGA,397,555
DFW,FLL,403,980
SFO,DCA,406,782
BOS,LAS,407,873
PHL,IAH,414,607
DCA,DEN,420,605
ORD,DFW,420,927
BWI,SAN,425,949
FLL,EWR,425,711
SFO,DFW,429,529
JFK,ORD,431,691
SAN,SEA,439,713
PHX,FLL,440,727
SEA,IAH,447,647
BOS,DCA,448,561
IAD,SFO,448,548
PHL,MCO,451,1013
MIA,MSP,453,540
BWI,LAS,458,734
EWR,FLL,458,664
MIA,DEN,458,808
BWI,DCA,462,673
JFK,PHX,466,1007
PHL,IAH,467,694
LAX,IAH,472,688
MIA,SEA,475,764
MCO,DEN,477,801
DFW,BOS,478,702
IAD,PHX,482,720
SEA,BWI,484,567
SLC,BOS,484,703
ORD,PHX,486,786
DFW,SEA,491,1060
DEN,MSP,497,596
EWR,ORD,506,777
PHX,FLL,506,816
EWR,BWI,510,734
SLC,EWR,512,928
SLC,PHL,515,695
EWR,LAS,526,1070
MCO,MIA,528,668
SEA,MIA,534,747
PHX,SAN,538,1006
ORD,LAX,546,992
PHL,IAH,554,944
SEA,DCA,564,845
LAS,FLL,565,995
BWI,LGA,570,685
IAD,BWI,576,711
CLT,EWR,583,757
SEA,PHL,583,651
PHX,IAD,599,1064
MSP,LGA,612,969
CLT,IAH,627,837
LAS,DFW,630,878
PHL,IAH,632,972
SAN,SFO,635,1123
SAN,MSP,638,760
BOS,DFW,639,1133
BOS,LGA,640,793
DTW,FLL,640,1045
IAH,IAD,653,1085
IAH,DCA,653,1068
SEA,CLT,659,855
PHL,BOS,665,803
DFW,FLL,668,1180
EWR,SEA,673,1265
BOS,MCO,699,817
PHX,DTW,712,1001
IAH,DCA,715,1020
DCA,CLT,716,790
SFO,CLT,716,1097
SEA,DTW,731,1264
FLL,PHX,732,1011
DTW,ORD,738,1323
SFO,MIA,741,886
LGA,SAN,745,810
PHL,MSP,748,857
MCO,DTW,749,1217
CLT,IAH,764,1097
BOS,DCA,782,1377
JFK,MCO,783,853
BWI,CLT,785,873
DCA,IAH,786,1048
IAH,FLL,786,907
LGA,JFK,797,1243
SEA,EWR,801,1271
PHX,DFW,805,1256
SEA,LAS,813,1378
SAN,SFO,815,1285
MIA,DFW,817,1131
MSP,LAS,843,1241
DEN,EWR,844,1158
FLL,MIA,846,1217
IAD,MCO,847,1188
MIA,SLC,849,1239
ORD,LAS,853,1057
DTW,MSP,854,1310
PHX,PHL,859,1363
SAN,IAD,861,1104
BOS,MCO,871,1402
SLC,CLT,881,1033
LAS,PHX,891,1292
SEA,DEN,894,1189
LAX,MSP,897,1265
MSP,EWR,903,1503
BOS,IAH,911,1095
DFW,SAN,914,1027
DEN,MCO,915,1248
SEA,MCO,915,1116
MCO,LGA,916,1478
IAH,BWI,928,1101
DCA,IAD,935,1106
SFO,LGA,940,1086
DTW,SLC,942,1357
LAX,IAH,960,1511
DFW,PHL,962,1075
SAN,IAH,963,1364
SEA,PHX,973,1175
DEN,DFW,976,1393
BOS,FLL,979,1338
LGA,ORD,981,1181
PHL,IAD,981,1575
DFW,IAD,982,1423
DFW,SFO,983,1075
DFW,EWR,993,1378
JFK,BWI,997,1117
SAN,CLT,997,1181
SLC,SAN,1007,1133
ORD,DFW,1018,1513
BOS,SLC,1021,1402
LGA,IAH,1022,1452
SEA,SAN,1035,1320
IAD,DTW,1039,1149
IAD,ORD,1042,1525
FLL,LAX,1043,1448
MIA,CLT,1055,1323
BWI,JFK,1058,1621
PHL,BWI,1059,1470
MSP,SAN,1062,1293
CLT,DCA,1065,1255
DFW,SAN,1067,1546
LGA,MIA,1071,1252
SLC,PHX,1071,1413
SFO,SEA,1074,1576
LAS,PHL,1085,1539
SEA,IAD,1094,1214
ORD,DCA,1104,1411
DFW,JFK,1106,1364
DTW,PHX,1106,1211
BWI,SEA,1120,1529
MSP,IAD,1126,1584
JFK,MSP,1136,1447
BWI,JFK,1137,1678
SFO,LAS,1138,1593
BOS,IAD,1144,1211
SLC,FLL,1146,1671
MSP,IAH,1152,1639
DTW,SEA,1156,1491
LAX,IAD,1158,1608
ORD,SFO,1180,1676
FLL,LAS,1194,1703
LAS,FLL,1194,1290
LAX,IAD,1194,1706
SAN,CLT,1195,1463
CLT,SLC,1196,1457
SAN,SFO,1196,1391
JFK,BOS,1205,1763
PHX,JFK,1208,1634
ORD,DFW,1210,1786
DFW,PHX,1213,1742
MCO,DFW,1219,1527
SAN,LGA,1225,1716
SFO,CLT,1225,1532
SEA,BWI,1228,1444
LAS,SFO,1230,1665
SAN,ORD,1231,1797
LAS,EWR,1243,1670
IAH,BWI,1244,1507
EWR,IAH,1249,1650
SLC,DFW,1258,1396
DTW,PHX,1262,1459
MIA,DCA,1269,1713
DTW,ORD,1270,1361
DTW,SLC,1280,1623
ORD,LGA,1280,1470
SEA,SFO,1281,1606
IAH,SLC,1285,1424
FLL,IAD,1290,1695
DCA,BWI,1298,1801
MIA,LAX,1303,1646
BWI,SFO,1307,1667
MCO,FLL,1310,1738
EWR,CLT,1316,1565
SAN,PHL,1316,1906
DEN,JFK,1328,1859
DCA,LGA,1333,1749
DTW,IAD,1334,1501
CLT,DFW,1335,1813
BWI,SLC,1336,1743
PHX,MCO,1339,1914
DEN,MCO,1346,1503
MIA,IAH,1349,1911
BOS,ORD,1352,1660
DEN,MCO,1369,1703
CLT,DEN,1370,1527
PHL,LAS,1374,1578
LAS,SFO,1377,1533
BOS,LAX,1387,1503
MSP,SEA,1388,1974
DFW,IAH,1389,1493
LAS,EWR,1393,1498
EWR,CLT,1402,1766
SAN,IAD,1412,1966
ORD,SEA,1415,1665
IAH,SEA,1417,1986
DEN,FLL,1426,1794
PHL,IAH,1429,1597
LAS,SFO,1442,1697
PHL,BOS,1444,1623
IAD,MIA,1448,1651
DCA,MIA,1456,1627
CLT,SLC,1457,1888
LAS,MIA,1461,1542
LAX,LAS,1461,1835
SEA,IAD,1462,1720
BOS,DEN,1468,1852
SFO,EWR,1468,1685
IAD,CLT,1476,1617
MCO,CLT,1478,1779
EWR,DFW,1481,1956
LAS,SEA,1497,1573
SEA,DEN,1503,1740
SFO,EWR,1506,2100
PHX,LAS,1509,1998
EWR,BOS,1524,1811
BWI,EWR,1527,1762
DFW,IAH,1533,1801
DEN,FLL,1535,2102
DCA,JFK,1544,1793
MCO,DCA,1549,1794
SLC,EWR,1549,2062
SAN,PHL,1552,1956
SLC,PHX,1564,1796
CLT,SFO,1570,1948
IAH,BOS,1573,1774
LGA,SAN,1579,2128
EWR,ORD,1584,1672
MSP,JFK,1587,1718
DEN,DCA,1595,1994
MCO,JFK,1604,2050
LGA,DFW,1615,1772
SAN,BOS,1616,1752
BWI,CLT,1618,1977
SLC,DCA,1618,2210
SEA,DCA,1622,1727
DTW,MCO,1623,1732
SAN,LGA,1625,1774
PHL,DEN,1629,2022
MSP,SEA,1636,1916
IAD,DFW,1638,2009
SFO,SEA,1640,1715
CLT,SLC,1641,1892
MIA,FLL,1645,2099
SEA,MIA,1649,2211
MSP,FLL,1651,1720
FLL,EWR,1653,1833
LGA,MSP,1653,2138
ORD,PHL,1655,1997
LGA,IAD,1656,2107
LGA,BWI,1659,2066
PHX,JFK,1660,2161
DCA,PHL,1670,1881
PHL,SLC,1672,1882
EWR,DTW,1681,2223
BWI,SAN,1684,2143
PHL,DEN,1687,1968
LAS,DTW,1688,1838
MSP,DCA,1688,2262
MIA,DFW,1697,1906
SLC,MCO,1703,2262
DCA,LAX,1704,1800
JFK,FLL,1709,2098
LAS,MIA,1720,1906
LAX,SLC,1723,2069
CLT,IAH,1730,2115
IAD,DFW,1734,1898
LAX,DCA,1736,1871
IAH,PHX,1737,2128
DFW,SAN,1740,2311
PHL,JFK,1740,2016
SEA,DEN,1750,1989
MCO,SLC,1753,2154
EWR,IAH,1755,1820
CLT,LGA,1765,1871
MCO,LAS,1766,2310
DEN,DFW,1767,1848
IAH,SLC,1768,2108
SEA,EWR,1776,1942
PHL,MCO,1777,1959
MSP,LGA,1785,2163
MSP,FLL,1791,1965
LAS,FLL,1792,1898
BOS,DFW,1805,2111
SFO,DTW,1806,2327
IAD,BWI,1807,2204
PHL,ORD,1815,2036
IAH,SLC,1818,2224
EWR,ORD,1824,1975
CLT,JFK,1826,2080
PHL,MIA,1827,2340
DTW,PHX,1829,2072
MCO,LGA,1831,2064
JFK,LAS,1833,1909
SLC,DCA,1841,2404
BOS,FLL,1843,2054
DTW,PHX,1850,2234
IAH,JFK,1878,2122
MCO,ORD,1878,2039
LAS,EWR,1884,2213
DFW,MCO,1887,2001
JFK,PHL,1887,2092
BWI,DFW,1888,2110
BOS,CLT,1890,2196
MCO,IAD,1899,2420
SEA,PHL,1903,1964
DEN,EWR,1908,2330
JFK,DEN,1910,2054
JFK,MIA,1911,1984
EWR,DTW,1921,2227
JFK,SLC,1921,2514
IAD,SEA,1922,2167
PHX,MSP,1923,2429
DFW,MSP,1933,2369
SFO,SLC,1934,2204
PHX,MCO,1938,2084
LAS,DFW,1942,2075
LAS,LAX,1946,2252
SLC,MCO,1946,2437
SAN,EWR,1950,2354
ORD,BOS,1956,2073
BWI,MSP,1957,2356
MCO,BWI,1959,2220
IAH,LGA,1960,2249
DFW,DCA,1965,2480
FLL,JFK,1970,2214
DEN,SLC,1971,2073
JFK,SEA,1979,2467
DTW,IAD,1986,2586
MIA,PHL,1986,2423
DFW,MSP,2010,2179
SAN,CLT,2014,2517
BWI,DTW,2016,2097
SLC,LGA,2018,2520
SEA,CLT,2022,2136
SLC,BOS,2022,2443
IAH,BWI,2023,2182
MCO,IAD,2025,2471
DTW,SLC,2028,2175
DEN,BOS,2029,2588
BWI,DEN,2031,2590
JFK,BWI,2032,2408
MIA,LAX,2039,2493
ORD,MIA,2042,2385
DFW,LAX,2043,2562
EWR,ORD,2049,2247
IAD,IAH,2051,2551
LAS,PHL,2057,2428
LAX,MIA,2063,2535
IAH,IAD,2064,2656
DFW,DCA,2069,2645
BWI,MCO,2071,2651
DCA,SAN,2073,2407
ORD,LAX,2076,2585
MCO,FLL,2084,2376
PHL,PHX,2087,2467
MSP,LGA,2090,2415
ORD,LGA,2101,2227
PHX,DEN,2102,2474
DEN,IAD,2106,2316
PHL,MIA,2111,2570
MIA,BWI,2113,2624
SFO,DFW,2115,2603
DTW,MSP,2121,2458
MIA,SAN,2126,2467
LAS,DTW,2131,2611
BWI,IAH,2149,2485
SLC,LGA,2151,2578
PHL,MCO,2157,2552
DCA,LAS,2160,2235
LAS,DFW,2167,2637
MSP,IAD,2175,2376
SLC,DCA,2177,2577
SLC,IAH,2180,2450
JFK,FLL,2182,2573
MIA,DCA,2184,2649
EWR,SEA,2198,2479
DFW,FLL,2200,2335
EWR,FLL,2205,2452
SEA,PHX,2217,2445
DFW,DCA,2236,2630
ORD,PHX,2238,2778
ORD,LAX,2244,2827
ORD,LAS,2246,2839
DCA,FLL,2249,2321
SFO,MCO,2255,2360
SAN,SFO,2257,2788
SAN,LGA,2258,2585
BWI,LAS,2262,2833
SLC,CLT,2280,2544
SEA,LGA,2286,2479
BOS,DCA,2294,2639
LGA,LAX,2294,2505
SAN,BOS,2297,2839
IAD,MIA,2298,2505
SFO,EWR,2300,2683
IAH,IAD,2302,2603
SEA,LAX,2302,2367
SLC,BWI,2307,2531
DEN,IAH,2314,2454
CLT,MSP,2323,2396
DFW,IAH,2325,2421
DFW,PHX,2334,2816
SEA,JFK,2337,2853
SLC,DEN,2337,2784
SFO,JFK,2342,2436
DFW,DCA,2344,2790
LAX,IAD,2364,2841
DCA,SLC,2369,2760
DEN,IAD,2369,2934
MSP,SLC,2378,2685
MIA,PHX,2379,2474
PHL,DTW,2385,2595
LGA,EWR,2389,2484
SFO,BOS,2391,2480
CLT,MCO,2397,2688
SEA,ORD,2400,2606
JFK,SFO,2401,2788
BWI,SFO,2406,2516
MIA,IAH,2414,2835
DEN,MSP,2416,2987
SEA,DTW,2416,2749
MSP,DCA,2422,2547
LAX,SLC,2427,2771
PHL,EWR,2430,2502
MIA,DTW,2431,2997
MSP,EWR,2434,2624
PHL,MIA,2434,2907
SLC,BOS,2440,2833
BWI,FLL,2445,2912
LAS,DFW,2456,2712
BOS,SAN,2461,3056
IAH,LAX,2473,2592
ORD,SEA,2480,2900
IAH,DFW,2487,2757
IAD,SAN,2491,2985
BOS,MSP,2493,2891
FLL,DTW,2496,2777
SAN,PHL,2500,2753
JFK,SLC,2507,2595
ORD,JFK,2507,2690
IAH,MIA,2508,2866
LAX,DTW,2511,2691
DCA,LAS,2525,2968
EWR,SLC,2525,2708
LAS,SAN,2535,2903
LAS,PHL,2539,2879
SLC,LAS,2540,3107
DEN,DTW,2551,2754
PHL,IAH,2551,2826
IAH,LAX,2554,2759
LAX,IAD,2569,3007
EWR,MSP,2571,2812
SFO,SEA,2574,2967
LGA,MIA,2580,3069
MSP,BWI,2591,2681
EWR,DCA,2593,2965
MCO,JFK,2593,3019
MCO,IAH,2598,2836
LAX,JFK,2607,2904
BOS,PHX,2608,2840
LGA,CLT,2609,2919
JFK,FLL,2610,3022
CLT,SLC,2621,2704
EWR,SEA,2625,3134
IAH,MCO,2626,3062
DTW,DCA,2632,3139
EWR,LAX,2644,2775
MCO,LAS,2644,2716
SFO,CLT,2645,2774
DEN,JFK,2655,3247
LAS,CLT,2666,2835
PHX,EWR,2666,3204
MCO,BOS,2690,3064
LAS,SEA,2694,3091
IAD,EWR,2695,2958
MIA,MSP,2700,3018
PHX,EWR,2713,2894
SFO,DFW,2713,3004
SEA,BOS,2716,3213
LGA,SEA,2721,3065
SAN,DTW,2721,3167
DCA,DFW,2722,2984
SLC,ORD,2730,2981
LGA,PHL,2731,3151
SAN,FLL,2732,3175
FLL,JFK,2735,3075
FLL,DTW,2741,2951
IAH,MIA,2748,3290
DFW,SAN,2750,2981
PHX,PHL,2755,3066
IAH,BOS,2756,2873
EWR,SFO,2757,3337
LGA,BOS,2761,3357
EWR,BOS,2772,2892
SLC,CLT,2772,3207
DTW,DCA,2785,3244
ORD,IAH,2787,2967
SAN,LAS,2789,3171
IAH,FLL,2791,3203
LAS,SEA,2792,2943
BWI,SAN,2793,2890
MCO,SFO,2794,2872
MSP,SEA,2802,3070
DTW,DFW,2803,3092
PHX,IAH,2807,3406
PHX,PHL,2811,3304
IAD,BOS,2822,2982
LGA,EWR,2839,3345
JFK,LAX,2843,3326
DCA,LAS,2870,3413
DTW,IAD,2878,3201
MCO,SLC,2885,3030
MSP,SLC,2892,3288
SEA,MIA,2894,3236
SAN,IAD,2898,3092
LGA,DFW,2903,3264
DEN,MCO,2905,2974
BOS,DCA,2908,3487
LGA,DEN,2917,3415
PHL,EWR,2926,3148
DTW,MCO,2928,3288
IAH,PHX,2932,3002
ORD,DFW,2935,3466
CLT,BOS,2936,3149
DTW,LAX,2938,3264
IAH,JFK,2942,3454
BWI,SEA,2947,3471
LGA,DCA,2948,3013
DFW,ORD,2953,3123
DFW,IAH,2955,3545
MSP,BWI,2955,3534
CLT,BOS,2957,3441
FLL,LGA,2958,3444
SEA,LGA,2961,3045
LGA,SFO,2969,3059
FLL,CLT,2971,3466
LGA,CLT,2973,3060
DCA,SLC,2975,3408
CLT,LAX,2977,3078
PHX,BOS,2984,3319
LAX,IAD,2993,3249
MSP,ORD,3004,3399
IAH,SAN,3005,3162
FLL,CLT,3007,3519
BWI,SLC,3010,3524
IAH,JFK,3013,3336
SEA,MIA,3018,3084
MSP,ORD,3023,3349
SFO,MSP,3031,3271
PHL,SEA,3041,3306
DFW,MSP,3042,3328
CLT,BOS,3046,3472
PHX,IAD,3050,3521
CLT,PHX,3052,3373
DFW,DTW,3054,3600
JFK,MSP,3064,3397
DEN,FLL,3065,3633
LAX,LAS,3074,3564
BOS,IAH,3078,3637
IAD,IAH,3079,3209
MIA,SAN,3079,3142
LAS,LAX,3081,3286
CLT,IAD,3082,3260
MIA,LAS,3084,3423
DTW,IAH,3085,3631
LAS,FLL,3085,3558
LGA,SFO,3091,3303
SLC,FLL,3096,3371
IAD,LGA,3098,3459
EWR,IAD,3102,3590
PHL,FLL,3103,3650
IAH,MCO,3104,3663
SEA,DEN,3106,3170
DEN,SFO,3107,3363
ORD,IAD,3113,3238
IAH,JFK,3115,3182
PHL,LAX,3116,3583
PHL,SLC,3120,3377
LAS,SEA,3128,3387
SLC,BWI,3130,3325
LAX,SFO,3140,3628
CLT,SFO,3144,3609
LAX,EWR,3148,3357
EWR,IAD,3149,3689
FLL,CLT,3153,3323
BWI,DCA,3156,3597
BOS,PHX,3161,3676
FLL,IAH,3163,3479
SFO,PHL,3174,3413
DCA,MIA,3177,3538
PHL,SFO,3182,3688
EWR,MSP,3185,3613
DCA,SFO,3188,3502
IAD,BWI,3191,3718
IAH,DTW,3192,3397
EWR,BWI,3196,3402
DTW,PHL,3197,3263
MIA,PHX,3201,3466
BWI,IAH,3232,3600
EWR,SFO,3236,3546
SAN,DEN,3244,3802
ORD,MSP,3248,3576
PHX,DCA,3251,3424
EWR,DEN,3253,3403
JFK,PHL,3253,3392
MCO,BWI,3255,3832
PHX,CLT,3260,3585
SFO,SAN,3260,3810
LAX,JFK,3262,3524
MCO,FLL,3264,3418
SAN,SEA,3264,3420
DEN,SEA,3268,3488
IAH,BOS,3268,3739
MIA,JFK,3270,3423
BWI,SAN,3282,3705
SLC,DEN,3283,3519
PHX,MSP,3287,3404
LGA,DCA,3288,3465
IAH,PHL,3292,3641
SLC,SEA,3304,3674
SEA,PHL,3305,3398
DEN,DFW,3307,3816
BWI,LAX,3309,3532
DCA,MSP,3309,3526
IAD,IAH,3312,3643
DTW,PHL,3319,3458
MCO,MSP,3320,3482
SEA,MCO,3325,3847
LAS,DCA,3328,3583
BWI,FLL,3333,3538
DEN,MIA,3348,3446
PHL,DTW,3348,3649
SEA,DEN,3369,3746
JFK,EWR,3371,3682
MCO,PHL,3372,3938
LAX,MIA,3375,3554
IAD,DEN,3377,3752
LAX,SFO,3378,3603
DEN,BOS,3385,3665
DEN,DFW,3388,3968
LGA,MCO,3390,3638
JFK,BOS,3393,3472
SFO,BWI,3394,3743
DTW,SFO,3402,3963
BOS,IAD,3417,3866
DFW,PHX,3418,4018
MCO,FLL,3425,3492
JFK,EWR,3427,3987
PHL,MSP,3428,3571
MCO,IAD,3432,3899
DFW,SEA,3434,3617
EWR,DEN,3436,3719
SEA,IAH,3436,3691
LAS,MCO,3438,3983
LAS,FLL,3442,3772
BWI,ORD,3445,3934
SLC,EWR,3445,3663
MIA,SEA,3446,3598
DEN,DCA,3450,3740
DEN,LAX,3451,3951
ORD,DTW,3452,3776
FLL,DTW,3453,3870
SEA,LAX,3460,3829
IAH,SEA,3462,3635
IAH,DEN,3471,3941
PHX,BOS,3474,3688
EWR,BWI,3476,4075
SAN,IAH,3476,3928
MCO,LGA,3479,3543
LGA,MSP,3483,4030
PHX,SLC,3485,4067
PHL,MSP,3489,4027
MIA,FLL,3496,3611
DTW,EWR,3501,3656
DCA,MIA,3502,3757
FLL,IAD,3509,3572
DEN,FLL,3519,4035
IAD,BOS,3519,3767
LAS,ORD,3525,3965
EWR,CLT,3532,3779
IAD,PHL,3547,3635
PHX,DFW,3554,3644
SLC,ORD,3559,4124
LAX,DFW,3580,4060
LAS,MIA,3581,3954
LGA,LAX,3586,4047
EWR,SFO,3587,3915
PHL,DCA,3593,3742
CLT,DEN,3600,3745
IAH,DFW,3602,3936
DEN,BOS,3608,3813
PHL,MSP,3627,4131
LAS,SLC,3633,3997
ORD,IAD,3644,3780
SLC,LAS,3644,4094
SLC,DCA,3653,3785
JFK,IAH,3668,4247
EWR,SEA,3675,3888
BOS,LAX,3677,3947
JFK,FLL,3677,3961
SFO,DFW,3678,3842
FLL,ORD,3690,3938
MSP,DTW,3690,4108
SLC,EWR,3694,3960
BWI,EWR,3700,4153
IAH,SEA,3713,4132
MIA,DFW,3714,3897
SAN,DTW,3718,4189
PHL,JFK,3721,4203
EWR,DCA,3724,4217
LGA,DTW,3728,4112
CLT,MSP,3730,4261
DFW,BWI,3732,4148
LAX,PHL,3734,3856
DCA,FLL,3741,4008
SFO,MIA,3741,4181
FLL,DCA,3748,4120
BOS,MIA,3764,3952
DTW,PHL,3770,4223
FLL,PHX,3771,3873
EWR,DCA,3791,4078
BWI,ORD,3794,4074
LGA,DFW,3795,4140
SEA,DFW,3797,4075
LAX,MCO,3801,3955
PHX,MSP,3802,4381
MIA,DFW,3807,4085
DCA,PHL,3808,3928
IAH,DTW,3808,4383
EWR,SEA,3818,4176
LGA,MIA,3819,3889
DEN,DFW,3828,3894
EWR,LAX,3838,4417
MSP,EWR,3845,4119
PHX,IAH,3845,4232
LGA,MIA,3847,3936
LGA,SFO,3852,4289
EWR,MCO,3858,4379
DCA,IAD,3865,4358
MCO,SAN,3868,4343
JFK,SAN,3874,3987
IAD,DCA,3876,4043
FLL,ORD,3882,4150
MSP,ORD,3900,4085
LAX,PHL,3902,4260
LAX,LAS,3925,4227
SAN,SLC,3926,4245
ORD,IAD,3932,4087
EWR,JFK,3938,4336
DEN,IAD,3943,4177
MIA,SAN,3957,4021
PHX,PHL,3971,4241
MSP,SFO,3972,4432
LGA,EWR,3975,4559
BOS,DCA,3977,4135
SEA,MCO,3996,4544
SAN,LGA,3999,4595
PHX,BWI,4001,4360
LGA,MIA,4006,4113
SAN,MSP,4009,4335
SAN,BWI,4015,4308
SEA,PHL,4018,4465
MIA,JFK,4019,4564
PHX,SLC,4021,4236
ORD,IAD,4042,4417
ORD,MIA,4044,4642
CLT,DCA,4045,4236
DEN,PHX,4049,4163
FLL,DFW,4050,4319
JFK,MCO,4051,4145
BOS,CLT,4053,4548
IAH,JFK,4055,4194
SLC,JFK,4068,4435
FLL,MCO,4072,4509
PHL,SEA,4072,4490
SLC,EWR,4073,4668
MIA,SFO,4079,4449
IAD,SEA,4091,4534
JFK,IAD,4094,4212
CLT,BWI,4095,4325
JFK,SFO,4098,4389
ORD,LAX,4103,4280
MSP,DCA,4104,4287
PHX,MCO,4104,4176
LAS,MCO,4106,4355
DEN,PHX,4109,4348
MSP,MCO,4110,4559
IAD,MSP,4129,4610
MIA,SFO,4133,4696
DTW,DCA,4137,4552
MSP,LAS,4138,4580
LAX,DCA,4145,4485
LAX,DTW,4146,4625
SLC,MSP,4153,4586
DFW,IAH,4157,4731
SFO,DTW,4169,4353
ORD,MIA,4180,4422
LAX,MIA,4185,4360
SEA,SAN,4193,4554
MCO,FLL,4194,4706
LAS,MCO,4195,4442
SAN,MIA,4198,4332
SFO,IAD,4202,4669
ORD,PHL,4206,4301
MSP,FLL,4208,4399
SAN,MCO,4217,4293
BOS,DCA,4225,4566
BOS,SFO,4227,4569
DTW,DCA,4227,4800
LGA,LAS,4230,4722
JFK,PHL,4238,4545
LAS,MCO,4244,4422
FLL,SEA,4250,4498
SAN,LAX,4254,4358
LGA,MIA,4262,4474
LAS,PHL,4264,4773
DTW,MCO,4270,4720
SEA,MSP,4273,4365
DFW,SEA,4275,4853
IAH,DFW,4280,4649
SLC,CLT,4282,4805
DEN,CLT,4292,4536
SEA,MSP,4305,4815
MCO,SFO,4307,4471
MIA,FLL,4309,4457
PHL,MSP,4309,4399
CLT,MSP,4311,4535
MIA,EWR,4312,4642
SAN,PHX,4318,4819
JFK,SEA,4322,4460
BWI,EWR,4328,4642
EWR,MCO,4333,4707
SAN,BOS,4334,4488
MSP,EWR,4337,4615
FLL,SFO,4346,4763
SLC,SEA,4346,4887
SLC,PHX,4348,4486
LAX,BWI,4354,4698
LAX,LGA,4361,4665
PHL,IAD,4380,4494
MCO,LAX,4396,4953
ORD,DCA,4434,4640
MIA,EWR,4441,5036
PHX,DFW,4441,5012
SFO,BOS,4441,4739
BOS,MIA,4451,4837
BWI,IAD,4466,4945
JFK,BWI,4473,4567
SAN,DFW,4480,5029
DEN,ORD,4487,4961
MIA,BOS,4489,4673
FLL,IAD,4494,4750
MCO,SAN,4495,4642
EWR,IAD,4496,4751
MSP,LAX,4496,4987
SEA,BOS,4502,4752
BOS,DEN,4513,4908
DCA,IAD,4519,4836
FLL,EWR,4519,5017
LAS,SLC,4521,4796
ORD,MCO,4525,4728
PHL,LGA,4542,5086
PHL,PHX,4544,4735
SLC,BOS,4544,4694
DFW,PHL,4546,4804
ORD,SAN,4562,4999
MIA,PHL,4563,5117
ORD,LAX,4572,5025
DFW,IAD,4576,5162
FLL,IAD,4576,4735
LAS,IAD,4582,4822
EWR,FLL,4590,4753
CLT,MIA,4593,4878
DEN,FLL,4603,5032
SFO,LAS,4605,5067
LAX,MSP,4615,4715
JFK,CLT,4617,5031
SAN,IAH,4625,4792
SEA,LAX,4635,5025
FLL,IAD,4637,4986
LAX,SEA,4638,5006
IAH,CLT,4639,5133
CLT,JFK,4657,4841
PHX,EWR,4661,4864
SFO,SAN,4668,5007
PHL,JFK,4670,4748
DTW,SFO,4675,4882
EWR,PHL,4693,5044
LAX,IAH,4696,5166
LAS,DEN,4699,4937
LGA,MCO,4700,5109
MIA,MCO,4702,4926
LAS,DFW,4706,5195
DTW,IAH,4709,5243
LAS,ORD,4715,5246
LGA,FLL,4715,4939
PHX,SLC,4718,5072
EWR,FLL,4722,4848
MIA,SLC,4724,5225
FLL,MIA,4726,4810
LAS,SFO,4726,5051
MIA,FLL,4742,5090
SAN,DEN,4745,4851
JFK,MCO,4749,5066
MSP,FLL,4751,5107
DTW,DFW,4752,5118
LGA,DFW,4760,5313
DEN,DFW,4762,5206
JFK,LGA,4762,5055
PHX,LAX,4765,4978
DTW,FLL,4774,4856
EWR,LAS,4786,5342
PHX,SFO,4786,5298
IAD,DTW,4795,5105
LGA,SEA,4801,5241
SEA,LGA,4801,5110
LAX,DTW,4807,5322
IAH,LGA,4813,4879
PHX,DEN,4828,5359
SEA,SFO,4832,5157
DEN,ORD,4834,5349
DTW,MSP,4840,4998
DFW,PHL,4844,5033
LAS,PHL,4846,5251
MIA,CLT,4852,4936
ORD,EWR,4853,4997
EWR,LAS,4855,5189
PHX,FLL,4859,5125
IAH,JFK,4861,5041
DEN,JFK,4862,5171
CLT,DEN,4863,5147
SAN,DCA,4873,5333
MIA,DCA,4876,5257
SAN,LAX,4882,5341
DEN,LGA,4896,5160
DCA,FLL,4907,5448
LGA,MSP,4914,4983
LAS,DEN,4919,5424
FLL,SFO,4924,5520
ORD,BOS,4926,5220
DFW,BOS,4931,5272
DCA,SLC,4933,5329
DEN,SAN,4940,5293
BWI,IAD,4947,5439
PHX,JFK,4947,5321
MCO,DCA,4951,5523
BOS,DCA,4959,5394
IAH,FLL,4959,5195
DEN,DTW,4960,5082
JFK,LGA,4960,5054
IAD,SLC,4963,5426
IAD,LAX,4963,5458
ORD,BWI,4967,5253
MIA,FLL,4971,5264
DFW,LAX,4985,5121
PHX,CLT,4986,5160
DTW,DCA,4991,5389
EWR,DTW,5003,5390
SEA,SLC,5006,5387
BWI,ORD,5007,5483
IAH,MSP,5011,5535
CLT,MIA,5017,5105
PHX,DEN,5017,5418
SFO,DTW,5022,5583
IAH,FLL,5043,5175
SAN,PHX,5049,5130
CLT,ORD,5056,5124
LGA,CLT,5060,5634
DTW,IAH,5067,5498
JFK,SFO,5071,5220
SLC,PHL,5074,5343
LGA,PHL,5084,5351
SEA,JFK,5085,5481
JFK,MCO,5087,5622
DFW,LGA,5105,5334
DTW,DFW,5106,5464
LAX,SFO,5106,5612
FLL,CLT,5108,5632
FLL,PHL,5115,5708
DTW,MSP,5128,5429
FLL,BOS,5132,5707
MCO,DFW,5132,5237
PHX,DTW,5138,5580
DCA,IAD,5139,5551
DEN,ORD,5143,5572
LAX,DFW,5143,5508
LGA,DTW,5145,5270
DTW,BOS,5149,5334
FLL,MCO,5150,5311
PHX,DEN,5151,5336
DEN,PHL,5152,5218
SAN,DCA,5157,5256
DCA,PHX,5166,5686
EWR,CLT,5166,5688
ORD,PHX,5166,5461
MIA,LGA,5174,5299
JFK,MIA,5181,5253
MIA,DEN,5183,5687
SLC,IAD,5185,5259
FLL,BOS,5192,5527
PHX,FLL,5194,5533
CLT,ORD,5198,5608
JFK,DTW,5199,5650
DEN,EWR,5202,5302
DEN,PHL,5202,5320
MCO,SAN,5203,5684
SLC,MIA,5206,5593
SFO,SLC,5209,5762
MCO,MSP,5212,5371
IAH,DEN,5215,5411
CLT,MIA,5219,5461
FLL,MCO,5224,5799
DFW,SFO,5231,5442
IAH,BOS,5237,5670
BWI,SEA,5245,5337
DTW,BWI,5249,5720
ORD,SAN,5251,5850
MCO,BWI,5260,5349
JFK,ORD,5269,5546
MCO,LAS,5269,5678
PHX,JFK,5273,5770
MSP,BOS,5274,5473
DTW,SFO,5282,5550
SAN,SEA,5287,5482
DEN,DFW,5289,5795
DEN,MSP,5291,5732
DEN,ORD,5292,5482
JFK,EWR,5296,5402
DFW,IAH,5298,5535
DFW,SFO,5298,5413
SLC,MSP,5302,5599
LGA,EWR,5303,5798
DEN,DCA,5309,5725
BOS,LAS,5312,5647
MCO,DFW,5314,5771
LAX,IAD,5333,5847
DEN,JFK,5350,5778
MCO,LAS,5351,5879
LAX,DTW,5358,5921
MCO,SFO,5367,5715
SEA,MSP,5381,5457
PHL,MIA,5386,5844
BWI,FLL,5387,5876
CLT,SEA,5394,5710
IAD,CLT,5395,5854
BWI,DFW,5398,5977
SEA,PHL,5400,5523
DEN,SFO,5410,5870
DTW,BOS,5423,5579
LGA,DCA,5425,5828
IAH,BOS,5426,5518
LAS,IAD,5427,5837
LAS,FLL,5431,5875
SFO,CLT,5435,5985
DCA,MIA,5451,5943
ORD,DCA,5452,5741
IAD,SAN,5460,5881
LGA,SLC,5463,5664
EWR,LGA,5468,5596
MSP,ORD,5468,5888
ORD,IAH,5496,5584
BWI,SEA,5503,6012
JFK,BWI,5508,5836
BOS,DTW,5511,6007
MSP,FLL,5521,6020
DEN,JFK,5523,5847
MIA,IAD,5526,6040
LGA,DEN,5527,6052
BOS,PHX,5534,5927
PHL,BOS,5534,5980
EWR,IAD,5535,5749
PHX,DFW,5537,5852
ORD,DFW,5542,5924
DFW,PHL,5544,5691
BOS,DEN,5554,5911
LAS,MIA,5554,5660
LAS,LGA,5556,6095
MIA,ORD,5563,6016
DCA,SFO,5567,5878
DCA,LAS,5567,5673
ORD,SEA,5567,6091
PHX,BOS,5567,5772
DEN,DCA,5573,5995
DCA,BOS,5581,5728
LGA,MCO,5592,5843
ORD,IAD,5593,5931
LAX,DTW,5599,6133
SLC,ORD,5609,5899
SLC,DFW,5609,6200
DFW,LAX,5614,5956
DTW,BWI,5618,5986
MSP,EWR,5618,5976
CLT,IAH,5620,6002
PHX,SEA,5621,6128
PHX,SAN,5636,6056
DEN,SFO,5638,6210
BWI,PHL,5642,5848
DTW,SEA,5656,5815
MIA,MCO,5658,6187
EWR,DEN,5670,6199
BOS,ORD,5673,5836
CLT,PHX,5674,6189
DFW,LAX,5679,6159
DFW,FLL,5681,6200
SAN,MIA,5683,6038
BOS,LGA,5685,6040
MIA,SEA,5690,5828
SLC,DFW,5694,6161
DTW,MIA,5704,5946
DCA,IAH,5710,5946
MCO,IAD,5711,6292
DFW,DTW,5716,6064
LGA,LAS,5729,5900
MCO,DEN,5737,6087
SAN,MSP,5744,6149
MCO,PHL,5745,5925
MIA,BOS,5762,6182
BOS,JFK,5777,6145
SFO,MIA,5777,6163
DEN,SLC,5782,6055
SEA,LGA,5782,6224
DEN,DTW,5788,5900
LAX,BOS,5793,5996
DCA,IAD,5798,6396
SFO,MSP,5799,6338
ORD,IAD,5815,6334
SAN,MSP,5816,6195
LGA,LAX,5833,6231
FLL,PHX,5840,6041
SLC,MCO,5843,5988
SAN,IAD,5848,6133
SLC,DCA,5858,6397
FLL,SLC,5861,6239
SLC,DCA,5862,6118
IAH,DCA,5863,5992
IAH,BWI,5864,6320
DEN,MSP,5866,6108
BOS,SLC,5867,6118
LGA,LAX,5871,6053
MSP,IAD,5871,6255
SAN,DFW,5879,5947
SLC,BWI,5902,6445
DFW,IAH,5904,6281
DFW,MCO,5909,6400
LGA,BWI,5910,6374
SEA,MSP,5914,6512
CLT,IAH,5920,6360
BOS,DTW,5927,6017
CLT,LAS,5930,6226
FLL,SEA,5932,6195
DCA,LGA,5940,6247
LAX,PHL,5941,6236
PHX,LGA,5942,6300
LAS,FLL,5947,6044
MCO,DEN,5947,6493
MCO,LGA,5952,6373
DCA,SLC,5954,6488
ORD,BOS,5954,6106
DFW,EWR,5956,6303
DEN,MCO,5957,6411
MSP,PHX,5957,6374
DEN,SLC,5959,6361
MCO,ORD,5987,6483
CLT,LAS,5991,6195
SLC,DFW,6020,6604
SAN,MSP,6032,6151
ORD,BOS,6033,6283
BWI,PHX,6047,6439
LAX,BWI,6050,6368
MSP,JFK,6054,6322
DEN,JFK,6060,6584
DCA,BWI,6064,6379
DCA,CLT,6068,6167
IAH,SAN,6076,6271
MIA,BWI,6076,6584
LGA,DCA,6082,6673
CLT,LGA,6084,6569
SFO,LAX,6086,6580
CLT,BWI,6088,6317
ORD,EWR,6101,6585
DCA,IAH,6106,6276
CLT,DCA,6125,6723
EWR,SFO,6125,6524
BWI,DFW,6126,6291
SLC,DEN,6130,6371
DTW,IAH,6131,6516
JFK,DTW,6131,6694
SAN,LAX,6131,6675
MSP,IAH,6132,6498
PHX,EWR,6135,6505
JFK,LAS,6136,6667
SFO,SEA,6138,6388
CLT,BOS,6139,6680
PHL,LGA,6141,6272
LAS,EWR,6144,6264
BOS,DFW,6145,6231
BWI,IAD,6150,6301
CLT,MCO,6152,6335
LAS,DEN,6163,6448
LAX,PHL,6177,6774
DTW,IAH,6181,6635
SFO,MIA,6182,6471
LGA,DFW,6191,6644
FLL,PHX,6192,6748
MIA,FLL,6211,6445
DCA,JFK,6212,6364
EWR,LAX,6214,6567
DTW,BWI,6215,6293
MCO,PHX,6218,6554
SFO,FLL,6223,6297
SAN,MCO,6230,6530
SEA,LAS,6234,6421
MCO,DTW,6241,6610
MCO,SFO,6247,6785
DTW,MIA,6251,6602
IAH,DCA,6252,6759
DCA,IAD,6258,6581
IAD,BOS,6260,6601
LGA,FLL,6268,6371
MSP,JFK,6268,6721
DTW,SAN,6271,6646
LGA,CLT,6272,6574
DEN,DTW,6274,6672
LGA,DFW,6275,6774
BWI,LAS,6278,6766
MIA,PHL,6282,6423
SFO,IAD,6292,6782
MCO,EWR,6294,6661
LGA,EWR,6295,6618
DFW,ORD,6297,6764
LAX,CLT,6306,6558
IAH,DEN,6311,6477
PHX,LAS,6328,6820
EWR,SAN,6336,6856
EWR,CLT,6337,6889
BWI,PHL,6342,6669
SAN,SLC,6350,6654
FLL,DTW,6358,6850
LAS,LAX,6358,6606
SEA,SFO,6365,6837
DTW,MSP,6370,6743
SLC,DTW,6370,6888
PHX,JFK,6378,6961
SFO,PHX,6382,6627
SAN,ORD,6384,6926
LAX,SAN,6390,6948
IAH,PHL,6393,6863
DEN,CLT,6395,6881
SAN,FLL,6399,6984
IAH,SEA,6400,6525
SEA,PHX,6400,6824
DFW,PHL,6403,6635
IAD,IAH,6407,6540
DFW,IAD,6408,6666
SLC,MCO,6409,6864
LAS,PHL,6412,6669
MSP,IAD,6419,6785
CLT,JFK,6420,6679
DFW,SLC,6422,6748
MSP,SLC,6425,6850
LGA,SLC,6444,6556
SFO,SEA,6458,6710
IAH,BOS,6465,6907
EWR,ORD,6476,6661
SEA,LGA,6479,6698
SFO,PHL,6480,6774
SEA,SLC,6489,6662
LAS,SFO,6500,6890
DEN,BWI,6517,7067
DFW,DTW,6519,7075
LGA,BWI,6523,6662
PHX,EWR,6523,7095
LAS,IAH,6528,6975
SFO,LGA,6541,6675
CLT,IAD,6542,6801
LAX,FLL,6548,7105
BWI,SFO,6554,7081
CLT,IAH,6559,6700
MCO,LGA,6569,6666
IAD,DCA,6571,7049
BWI,SAN,6581,7073
EWR,MIA,6581,6739
PHX,DEN,6591,6898
SEA,BOS,6591,6908
LAS,MSP,6594,6756
EWR,DEN,6599,6696
DCA,SFO,6604,6989
FLL,JFK,6605,7091
PHX,BWI,6607,6927
ORD,DEN,6611,7067
SEA,CLT,6613,7055
PHL,BWI,6615,6744
LAS,BWI,6628,7089
ORD,DFW,6629,6958
BWI,SLC,6637,7086
PHX,SEA,6646,7168
BWI,CLT,6656,6750
DCA,LAX,6657,7249
CLT,DFW,6658,6987
SLC,DTW,6664,6791
BOS,PHL,6669,6796
JFK,EWR,6671,7008
LAX,MIA,6673,7270
MSP,JFK,6676,6975
DTW,LAS,6678,6879
DCA,DEN,6690,7051
DFW,BWI,6694,6866
LGA,PHL,6697,6780
ORD,BWI,6711,7167
EWR,MSP,6714,7000
BOS,IAD,6716,7146
DFW,SLC,6730,7227
SFO,PHX,6731,7191
PHX,MSP,6765,7230
ORD,SAN,6769,7347
IAD,PHL,6771,7288
DEN,BOS,6773,7252
CLT,IAD,6779,6994
SEA,ORD,6791,7227
LGA,SFO,6800,7115
DFW,DTW,6804,7009
DCA,SAN,6805,6885
PHL,MIA,6805,6888
SAN,JFK,6813,7296
PHX,ORD,6819,6961
MCO,DEN,6820,7084
FLL,MSP,6830,7165
MCO,SLC,6834,7378
CLT,MIA,6836,7178
IAH,BOS,6844,7375
IAD,SAN,6845,7442
PHX,DCA,6849,7161
IAH,LGA,6850,7338
PHX,SEA,6851,7196
SLC,LGA,6852,7380
LGA,EWR,6859,7255
ORD,FLL,6864,7460
SFO,SLC,6865,7325
CLT,LAS,6867,7362
JFK,MIA,6881,7350
LAX,EWR,6882,7401
SLC,EWR,6891,7167
ORD,IAH,6895,7289
DEN,PHL,6898,7206
LAX,PHX,6904,7231
IAD,FLL,6909,7202
LAX,EWR,6909,7152
DEN,LGA,6910,7019
ORD,LGA,6911,7510
DCA,LGA,6914,7050
IAD,EWR,6926,7503
SEA,JFK,6929,7265
JFK,MIA,6940,7465
DCA,LAS,6943,7079
BWI,IAH,6947,7259
DCA,JFK,6958,7398
DFW,DTW,6961,7443
IAH,MSP,6966,7434
ORD,EWR,6968,7174
BWI,SFO,6974,7188
DEN,DCA,6974,7455
DFW,BOS,6977,7312
BWI,BOS,6978,7210
MIA,SLC,6979,7134
MCO,CLT,6982,7355
FLL,ORD,6983,7521
EWR,SLC,6984,7457
EWR,LGA,6987,7502
ORD,SLC,6987,7336
PHL,FLL,6990,7342
LAS,PHX,6998,7212
IAD,IAH,7002,7147
ORD,DEN,7003,7348
ORD,MSP,7004,7449
SLC,MSP,7011,7413
LAS,IAD,7020,7329
LAX,DFW,7021,7431
CLT,SEA,7025,7512
MSP,ORD,7027,7340
SAN,LAS,7031,7294
SLC,CLT,7039,7107
PHX,SFO,7051,7369
PHL,IAD,7056,7484
IAH,DTW,7059,7639
PHX,BWI,7059,7159
IAD,ORD,7060,7403
IAH,SFO,7062,7175
DEN,LAX,7068,7152
DCA,JFK,7073,7440
BWI,DCA,7074,7559
LAX,MIA,7074,7160
LGA,SLC,7075,7202
DCA,SEA,7078,7220
SFO,BWI,7079,7607
EWR,FLL,7083,7460
FLL,DCA,7084,7165
SLC,MSP,7085,7576
BOS,MSP,7086,7564
SAN,FLL,7093,7298
IAH,FLL,7105,7470
SLC,DFW,7107,7185
BOS,LAS,7109,7546
DEN,IAH,7110,7175
CLT,IAD,7111,7608
DCA,SFO,7111,7367
IAH,SFO,7111,7233
LGA,BOS,7126,7594
FLL,CLT,7139,7367
MSP,PHL,7145,7637
LAS,SEA,7152,7304
SAN,DEN,7163,7675
EWR,MSP,7165,7306
FLL,SFO,7166,7462
SLC,DCA,7167,7517
ORD,SEA,7172,7753
SAN,LAX,7173,7701
DTW,PHX,7178,7529
DTW,ORD,7180,7491
LAS,SAN,7180,7545
IAH,CLT,7185,7425
LAX,MSP,7185,7653
DFW,MSP,7198,7423
SEA,EWR,7200,7678
MSP,DCA,7206,7567
DTW,SAN,7208,7322
EWR,SLC,7209,7383
LAS,DCA,7213,7737
LAS,MCO,7214,7495
SLC,FLL,7214,7598
MIA,PHL,7215,7412
MCO,BOS,7220,7391
CLT,LAX,7230,7569
PHL,DEN,7239,7793
MSP,DFW,7240,7385
DCA,DEN,7242,7344
DTW,BWI,7244,7657
CLT,LAS,7250,7351
ORD,SEA,7264,7369
SLC,LGA,7268,7575
LAS,IAD,7270,7666
MCO,SFO,7271,7804
ORD,DTW,7271,7446
DCA,BOS,7272,7729
SAN,EWR,7274,7387
SAN,PHL,7278,7424
BWI,SLC,7282,7385
CLT,EWR,7285,7683
BWI,SLC,7292,7728
SFO,DEN,7295,7851
SEA,FLL,7298,7755
PHL,MIA,7306,7451
LAS,EWR,7307,7415
SAN,IAH,7310,7580
IAD,DFW,7314,7501
DEN,MIA,7318,7867
IAD,LAS,7325,7763
CLT,DEN,7338,7600
EWR,LGA,7344,7610
LAX,DCA,7358,7549
DEN,SLC,7361,7520
BWI,ORD,7363,7594
CLT,DFW,7364,7810
MSP,JFK,7364,7672
MIA,SLC,7368,7874
SEA,MSP,7372,7462
IAH,CLT,7387,7611
ORD,CLT,7396,7885
SEA,SAN,7407,7784
PHX,EWR,7414,7920
DCA,CLT,7415,7977
DFW,DEN,7418,7653
LAX,SLC,7423,7815
LGA,FLL,7425,7669
FLL,DEN,7435,7797
EWR,JFK,7436,7537
SLC,DTW,7437,7499
IAD,PHX,7443,7603
SFO,DFW,7443,7546
DFW,PHL,7444,7661
SAN,MSP,7446,8008
DFW,EWR,7447,7546
IAH,EWR,7447,8012
MSP,DFW,7451,7832
PHL,IAD,7454,7974
PHX,SLC,7454,8004
SEA,DTW,7454,7959
SAN,SEA,7461,8005
MCO,BWI,7462,7672
MSP,SAN,7467,7677
SAN,DCA,7472,7713
SEA,CLT,7474,7779
EWR,SLC,7476,7891
MIA,JFK,7481,7800
DFW,JFK,7486,7957
FLL,DFW,7486,7562
DFW,MCO,7494,7667
SAN,EWR,7496,7723
MSP,DCA,7499,7691
SEA,SFO,7500,7937
LAS,IAH,7506,7653
IAH,SEA,7516,7801
DFW,SEA,7517,8015
FLL,DCA,7519,7861
PHL,BOS,7523,7833
PHX,FLL,7525,7597
DEN,LAX,7535,8015
DFW,FLL,7540,7975
PHX,JFK,7542,7938
IAH,SFO,7546,7606
BWI,BOS,7548,8143
FLL,SLC,7551,8071
PHL,SLC,7555,7802
JFK,DFW,7567,8017
LAS,MIA,7573,7728
SEA,IAH,7577,7788
SLC,JFK,7582,8172
JFK,DEN,7583,7826
SFO,DEN,7587,7727
ORD,CLT,7592,7803
SAN,DFW,7601,8087
BOS,IAH,7605,8103
MSP,DTW,7606,7849
SLC,IAD,7606,8162
LAX,JFK,7612,7968
DFW,SEA,7614,8000
JFK,IAH,7636,8050
PHX,BOS,7643,8133
SAN,LAS,7643,7921
SLC,FLL,7644,8211
SLC,DTW,7648,7880
SFO,DCA,7653,8159
PHX,DEN,7666,8195
FLL,ORD,7675,7930
PHX,MSP,7675,8211
LAX,BWI,7679,7899
DFW,LAS,7693,7880
DEN,SEA,7696,7899
MCO,PHL,7698,7861
DTW,DEN,7699,7908
SFO,LAX,7704,8030
CLT,DTW,7708,8275
CLT,LAS,7715,8137
MCO,SLC,7723,8168
BOS,MIA,7728,8122
IAD,FLL,7731,7896
PHL,SLC,7731,7884
LAS,EWR,7732,8102
LGA,MCO,7735,8268
LAX,BWI,7738,8335
SAN,SEA,7738,8183
CLT,BOS,7756,8172
FLL,PHX,7758,8161
IAH,BWI,7758,8353
DFW,IAH,7763,8006
FLL,DCA,7763,7833
MIA,IAH,7772,7973
MIA,DCA,7778,8000
DTW,MIA,7780,8092
BOS,BWI,7785,8372
SFO,BOS,7790,8192
ORD,DEN,7793,8328
DFW,DTW,7794,8175
SEA,SAN,7794,8332
DCA,MCO,7803,7989
JFK,SLC,7805,8260
FLL,DCA,7811,8183
SFO,SLC,7817,8348
SAN,BOS,7821,8201
LAS,LGA,7830,8391
FLL,PHX,7831,8152
CLT,MSP,7837,8033
BWI,MCO,7843,8310
CLT,BOS,7851,7973
SFO,PHX,7859,8400
SAN,SLC,7861,8385
LAX,IAH,7867,8150
SEA,DEN,7871,8385
JFK,LGA,7877,8432
MSP,MIA,7885,8368
PHX,BOS,7887,8402
PHX,BOS,7890,8436
IAD,DEN,7897,7977
BOS,DFW,7899,8205
LGA,CLT,7906,8376
MCO,PHX,7908,8199
CLT,MSP,7913,8499
JFK,BWI,7917,8426
EWR,MIA,7925,8173
ORD,SLC,7925,8370
SAN,DEN,7925,8485
CLT,IAH,7928,7993
ORD,IAH,7932,8227
BWI,PHX,7933,8177
LAS,BWI,7938,8407
JFK,DEN,7955,8263
BWI,LAX,7960,8040
SAN,LGA,7966,8312
DTW,LAS,7968,8292
EWR,MCO,7973,8482
SAN,IAH,7974,8344
SAN,DCA,7983,8341
IAD,SFO,7988,8054
SEA,IAD,7992,8495
FLL,LGA,7993,8290
BOS,BWI,7999,8117
LAX,DCA,8005,8092
DTW,DCA,8011,8473
BOS,DCA,8020,8506
DEN,LGA,8035,8415
SEA,LGA,8036,8280
DCA,LAS,8037,8353
MIA,ORD,8039,8312
CLT,LGA,8043,8574
SEA,EWR,8046,8554
CLT,IAD,8049,8263
PHL,LAX,8052,8135
MCO,ORD,8055,8597
SFO,DTW,8074,8481
SLC,DFW,8076,8512
LAS,CLT,8082,8491
FLL,BWI,8087,8678
DTW,CLT,8090,8198
IAD,BOS,8096,8277
MCO,CLT,8096,8547
ORD,DFW,8097,8527
SAN,MSP,8106,8651
LAS,MIA,8107,8642
BWI,SEA,8110,8468
DTW,IAD,8115,8314
MSP,PHL,8119,8309
BOS,IAD,8123,8629
LGA,BOS,8145,8651
CLT,BWI,8146,8396
PHL,SLC,8151,8310
SFO,DFW,8153,8410
ORD,MCO,8161,8317
SFO,LAS,8162,8408
IAD,FLL,8165,8326
MCO,LGA,8172,8665
DFW,JFK,8174,8384
DFW,JFK,8174,8268
DEN,MSP,8175,8450
FLL,DFW,8177,8703
EWR,BWI,8185,8349
DCA,JFK,8188,8611
FLL,BWI,8192,8571
SFO,MSP,8195,8368
DFW,LGA,8196,8379
MCO,LGA,8197,8762
BWI,DEN,8209,8590
PHX,CLT,8215,8276
ORD,CLT,8220,8805
CLT,MIA,8222,8680
SEA,BWI,8240,8750
LGA,SFO,8245,8469
BWI,BOS,8247,8340
DEN,BWI,8247,8389
LAS,LGA,8249,8737
MIA,IAD,8250,8413
SEA,PHX,8253,8588
MSP,DTW,8264,8718
ORD,DEN,8264,8657
BWI,DEN,8265,8433
FLL,LGA,8267,8359
BWI,EWR,8268,8635
DTW,ORD,8269,8515
MIA,SEA,8270,8655
CLT,EWR,8274,8509
BOS,MIA,8278,8781
SFO,DEN,8286,8476
ORD,DEN,8292,8657
PHL,EWR,8292,8655
ORD,SEA,8301,8889
CLT,DEN,8306,8759
CLT,SFO,8307,8710
LAX,MCO,8308,8423
DTW,LAX,8311,8478
EWR,MCO,8314,8594
MCO,SLC,8314,8736
LAS,LGA,8322,8798
CLT,DTW,8326,8738
MCO,IAH,8332,8921
JFK,BOS,8334,8533
PHL,DEN,8337,8659
FLL,IAH,8342,8785
DCA,PHL,8345,8490
DFW,FLL,8351,8641
DCA,PHL,8369,8483
LGA,DEN,8376,8627
PHL,SAN,8379,8606
IAH,DCA,8381,8891
LAX,BOS,8396,8566
MCO,MSP,8402,8537
BOS,BWI,8412,8679
JFK,SAN,8414,8633
EWR,BWI,8422,8731
FLL,MSP,8424,8774
DEN,MCO,8433,8625
MSP,FLL,8437,8624
DEN,DCA,8444,8610
LAX,DEN,8444,8850
SEA,CLT,8446,8542
JFK,SLC,8457,8708
SAN,SEA,8458,8665
DFW,PHX,8461,8718
SFO,MIA,8476,8644
LAX,LGA,8481,9078
PHX,JFK,8481,8689
SAN,CLT,8484,9039
SEA,DEN,8490,8586
LAX,IAH,8495,8566
MIA,SFO,8496,8965
SFO,SEA,8496,8711
DEN,IAH,8502,8887
PHL,DTW,8502,8966
DFW,EWR,8508,8589
SAN,IAH,8514,8827
SLC,DEN,8515,8802
BWI,DCA,8516,8878
SAN,BOS,8518,9107
IAH,BWI,8520,8852
MIA,DFW,8540,8925
EWR,MIA,8548,9039
SLC,DFW,8548,9148
DFW,LAS,8557,8624
IAD,BWI,8569,9089
DTW,MIA,8571,8974
DEN,CLT,8572,8841
FLL,DTW,8573,8982
BOS,DFW,8583,8906
DCA,FLL,8584,8826
MSP,SFO,8594,9152
FLL,SLC,8596,8741
BOS,DTW,8602,8927
BWI,SFO,8605,9158
FLL,SAN,8605,8922
IAD,SLC,8608,8933
JFK,DCA,8615,9120
ORD,IAH,8622,9094
JFK,EWR,8647,8857
LAS,IAD,8652,8755
CLT,SFO,8653,9221
SAN,LAX,8655,8734
SAN,FLL,8669,8849
ORD,LAS,8676,9114
DTW,PHL,8684,9244
EWR,BWI,8691,9111
FLL,CLT,8694,8834
JFK,FLL,8698,9221
MCO,DFW,8707,8879
PHX,IAD,8711,9183
DTW,DFW,8712,8934
PHL,LGA,8715,9309
MSP,SAN,8723,9308
FLL,PHL,8724,9185
MCO,SLC,8728,9232
SLC,JFK,8731,9049
EWR,DCA,8736,9314
LGA,IAH,8750,8883
SAN,LGA,8751,8835
SAN,MIA,8754,9167
SLC,DEN,8757,9320
SLC,DFW,8763,9065
LAX,LGA,8775,9029
PHL,SFO,8782,9053
DEN,MSP,8789,9217
BOS,DFW,8797,8909
IAD,EWR,8801,9017
MCO,DCA,8803,8986
MCO,JFK,8804,8972
ORD,LAX,8805,9207
ORD,DCA,8806,9055
DCA,PHX,8807,8872
LAS,MIA,8807,9001
SLC,IAH,8808,9174
SFO,EWR,8810,9168
FLL,PHX,8818,9400
IAD,DTW,8818,9060
CLT,SLC,8824,9071
MIA,SLC,8824,9079
DTW,MSP,8826,9390
ORD,DTW,8830,9017
LAS,SEA,8836,8951
DEN,BWI,8843,8923
MIA,SAN,8846,9226
CLT,SAN,8847,9281
IAD,DEN,8848,9264
SLC,PHX,8854,8959
JFK,IAD,8875,9090
LGA,SEA,8875,9339
SEA,BWI,8877,8991
PHX,DEN,8900,9260
BWI,JFK,8901,9090
LGA,DCA,8907,9047
LAX,DEN,8923,9286
DFW,FLL,8924,9086
BWI,SAN,8927,9447
SFO,FLL,8938,9104
DCA,PHX,8940,9263
PHX,LAX,8946,9211
CLT,LGA,8955,9281
FLL,IAD,8956,9221
DEN,IAD,8963,9451
SEA,PHL,8966,9355
SAN,SEA,8978,9441
CLT,FLL,8993,9520
ORD,DCA,8999,9329
SAN,MIA,9003,9204
DFW,FLL,9008,9471
PHX,MCO,9020,9166
MCO,SAN,9022,9262
BWI,SLC,9025,9296
MIA,PHL,9031,9287
PHX,DCA,9035,9396
LAS,MSP,9037,9487
LAS,DTW,9054,9593
PHX,SFO,9056,9282
DFW,SAN,9058,9299
LAS,CLT,9059,9334
MIA,SEA,9059,9373
ORD,EWR,9065,9206
MIA,IAH,9070,9441
JFK,EWR,9077,9240
SAN,DCA,9077,9366
DCA,EWR,9079,9643
MSP,IAD,9081,9438
DFW,SAN,9084,9211
DTW,MIA,9095,9617
MCO,DCA,9105,9484
IAD,EWR,9116,9678
DEN,IAD,9117,9463
IAH,CLT,9143,9407
EWR,BWI,9144,9370
JFK,IAH,9148,9693
JFK,LAX,9150,9444
ORD,IAH,9161,9452
SFO,IAD,9163,9302
ORD,IAH,9182,9759
FLL,SAN,9187,9405
DCA,LAS,9188,9256
PHX,DCA,9189,9745
SEA,DFW,9190,9534
CLT,MCO,9195,9770
BWI,MSP,9196,9609
CLT,PHX,9208,9462
EWR,MIA,9210,9762
MIA,LAX,9212,9602
IAH,JFK,9219,9338
LGA,DEN,9222,9819
MSP,MCO,9225,9718
BWI,IAD,9226,9633
EWR,BOS,9228,9690
BOS,DFW,9244,9702
DCA,ORD,9261,9415
LAX,PHX,9262,9738
CLT,LAS,9266,9565
DTW,BWI,9267,9711
MCO,ORD,9280,9826
LAX,MSP,9284,9879
SEA,MSP,9297,9686
DCA,DTW,9306,9412
CLT,MSP,9308,9456
PHX,BOS,9310,9443
MIA,LGA,9311,9902
DFW,MSP,9313,9632
DFW,CLT,9313,9701
MIA,EWR,9314,9422
JFK,IAD,9319,9782
DCA,IAD,9325,9517
SAN,DTW,9325,9560
SEA,CLT,9329,9790
DFW,PHX,9330,9852
DEN,EWR,9337,9630
DCA,EWR,9340,9484
PHX,DCA,9344,9802
SEA,LAS,9344,9889
DFW,LAS,9353,9680
MSP,SEA,9357,9432
MSP,IAD,9359,9619
PHL,IAD,9359,9596
MIA,IAH,9361,9581
DFW,IAH,9367,9723
CLT,ORD,9368,9453
JFK,SEA,9369,9652
BWI,LAX,9374,9465
CLT,SFO,9374,9874
JFK,LGA,9387,9938
MIA,FLL,9389,9766
DEN,SLC,9400,9664
